
/******************************* Manager table ***********************************************/
insert into Manager_table values('MG0001','Mahasha Muhamut','Mahidol University','5 years with Mycar company','Central plaza Changwattana',10);
insert into Manager_table values('MG0002','Wuttiwat Santisuk','Bankok University','2 years with Bankok Bank','Central Rama 3',10);
insert into Manager_table values('MG0003','Apiwat Jaidee','Kasetsart University','1 year with Somjai store','Centrel Festival Eastvile',10);
insert into Manager_table values('MG0004','Narinda Jranta','Chula University','4 years with Siamaisa company','Icon Siam',10);
insert into Manager_table values('MG0005','Pinaporn Intalasuk','Chula University','4 years with Siamaisa company','Paradise Park',10);
insert into Manager_table values('MG0006','Pangno Jinjai','Mahidol University','nope','The mall Bang Kae',10);
insert into Manager_table values('MG0007','Tirewan Chaiyo','Bankok University','nope','Thonglor',10);

insert into Manager_table values('MG0008','Mary Retweeted','Thammasat University','2 months with lotus manager','Central Plaza Salaya',10);
insert into Manager_table values('MG0009','Jinda Thaimane','Thannasat Univarsity','nope','Central Plaza Pinklao',10);
insert into Manager_table values('MG0010','Violate Evergarden','Kasetsart University','5 years with Mycar company','Central Plaza Ramindra',10);
/*********************************************************************************************/
/***************************** Customer_name_table *******************************************/
insert into Customer_name_table values('1702101006499','Wattano Matino','M','06-03-1998','29/4 m5 khoungyoug puthamanthon 73170');
insert into Customer_name_table values('3143169574527','Kannika Lulab','F','08-13-1990',' 2/3 Phra Nakhon Samranrat Bangkok 10200');
insert into Customer_name_table values('5771835196017','Natee tammachat','M','06-03-1989','88/11 Dusit Suan Chitlada 10300');
insert into Customer_name_table values('1469554928968','Purin Arenn','F','04-28-1991', '783/45 Taling Chan Chimphli Bankok 10210');
insert into Customer_name_table values('7443184280563','Akekachai Monkhon','M','05-13-1998','Din Daeng Bang O Bankok 12600');
insert into Customer_name_table values('1308502439443','Chanakan Tusombat','F','12-01-1988','Prewet Prawet Bankok 13200');
insert into Customer_name_table values('5595124302409','Prontape Rubsab','M','02-27-2002','22/33 Salaya Puttamonthon Nakhonpathom 73170');
insert into Customer_name_table values('4573821573145','Pathomtom Salee','M','03-06-2005','8/33 Salaya Puttamonthon Nakhonpathom 73170');
insert into Customer_name_table values('3116911715842','Natanun Watta','F','01-01-2001','802/7 Lat Phrao Latphrao Bankok 13801');
insert into Customer_name_table values('1999378040543','Kraraven Sati','F','10-02-1990',' 11/1 Ratchathewi Makkasan 13700');
insert into Customer_name_table values('1764925831670','Wattanachai Santipaiboon','M','06-03-1998','29/4 m5 khoungyoug puthamanthon 73170');
/*********************************************************************************************/
/********************************** Customer_table *******************************************/
insert into Customer_table values('C0001','1702101006499','0851961755','wattano@gmal.com');
insert into Customer_table values('C0002','3143169574527','0851864750','kannika@gmail.com');
insert into Customer_table values('C0003','5771835196017','0625471596','Natee@gmail.com');
insert into Customer_table values('C0004','1469554928968','0651975324','Purin@hotmail.com');
insert into Customer_table values('C0005','7443184280563','0881535498','Akekachai@hotmail.com');
insert into Customer_table values('C0006','1308502439443','0681453359','Chanakan@gmail.com');
insert into Customer_table values('C0007','5595124302409','0526492315','Prontape@hotmail.com');
insert into Customer_table values('C0008','4573821573145','0953545687','Pathomtom@gmail.com');
insert into Customer_table values('C0009','3116911715842','0624973511','Natanun@hotmail.com');
insert into Customer_table values('C0010','1999378040543','0831224540','Kraraven@gmail.com');
insert into Customer_table values('C0011','1764925831670','0834698744','wattanachai@gmail.com');
/*********************************************************************************************/

/************************************ Branch_manager_table **********************************/
insert into  Branch_manager_table values('MG0001','Mahasha Muhamut');
insert into  Branch_manager_table values('MG0002','Wuttiwat Santisuk');
insert into  Branch_manager_table values('MG0003','Apiwat Jaidee');
insert into  Branch_manager_table values('MG0004','Narinda Jranta');
insert into  Branch_manager_table values('MG0005','Pinaporn Intalasuk');
insert into  Branch_manager_table values('MG0006','Pangno Jinjai');
insert into  Branch_manager_table values('MG0007','Tirewan Chaiyo');
insert into  Branch_manager_table values('MG0008','Mary Retweeted');
insert into  Branch_manager_table values('MG0009','Jinda Thaimane');
insert into  Branch_manager_table values('MG0010','Violate Evergarden');

/********************************************************************************************/
/*********************************** Branch_time_table ****************************************/
insert into Branch_time_table values('Central plaza Changwattana','10.00AM-09:00PM','Monday-Sunday');
insert into Branch_time_table values('Central Rama 3','10:30AM-11:00PM','Monday-Sunday');
insert into Branch_time_table values('Centrel Festival Eastvile','10:30AM-09:30PM','Monday-Saturday');
insert into Branch_time_table values('Icon Siam','10:00AM-10:00PM','Monday-Sunday');
insert into Branch_time_table values('Paradise Park','10:30AM-09:30PM','Monday-Sunday');
insert into Branch_time_table values('The mall Bang Kae','10:30PM-09:00PM','Monday-Sunday');
insert into Branch_time_table values('Thonglor','10:00AM-11:00PM','Monday-Saturday');
insert into Branch_time_table values('Central Plaza Salaya','11:00AM-08:00PM','Monday-Saturday');
insert into Branch_time_table values('Central Plaza Pinklao','10:00AM-22:00PM','Monday-Sunday');
insert into Branch_time_table values('Central Plaza Ramindra','11:00AM-21:00PM','Monday-Saturday');
/**********************************************************************************************/
/************************************ Branch_table ********************************************/
insert into Branch_table values('B0001', 'Central plaza Changwattana','99/88 m.16 Bang Tarad,Pakkred Nonthaburi 11200','028353599','Changwattana_petlover@gmail.com','028353599','MG0001');
insert into Branch_table values('B0002','Central Rama 3','79/3 Chongnonsee,Yannawa Bangkok 10120','021086988','Centralrama3_petlover@gmail.com','021086988','MG0002');
insert into Branch_table values('B0003','Centrel Festival Eastvile','69-69/2 Lat Phrao, Bangkok 10230','025536183','Eastvile_petlover@gmail.com','025536183','MG0003');
insert into Branch_table values('B0004','Icon Siam','229B1 Khlongtonsai, Khlongsan, Bangkok','022880808','Iconsiam_petlover@gmail.com','022880808','MG0004');
insert into Branch_table values('B0005','Paradise Park','61 Nongbon, Pravet, Bangkok 10250','027802280','paradisepark_petlover@gmail.com','027802280','MG0005');
insert into Branch_table values('B0006','The mall Bang Kae','275 m.1 Bang Khae, Bangkok 10160','024549339','themallbangkae_petlover@gmail.com','024549339','MG0006');
insert into Branch_table values('B0007','Thonglor','58 Sukhumvit55 Wattana,Bankok 10110','027149600','thonglor_petlover@gmail.com','027149600','MG0007');

insert into Branch_table values('B0008','Central Plaza Salaya','99/21 Bangtoey Samparn Nakhonpathom 73210','024738999','centralsalaya_petlover@gmail.com','024738999','MG0008');
insert into Branch_table values('B0009','Central Plaza Pinklao','7/222 Arun Amarin Bangkok Noi Bankok 10700','028775000','centralpinklao_petlover@gmail.com','028775000','MG0009');
insert into Branch_table values('B0010','Central Plaza Ramindra','109/9 Anutsavari BangKhen Bangkok 10220','027978000','centralramidra_petlover@gmail.com','027978000','MG0010');
/**********************************************************************************************/

/*********************************** Membership_customer_table ********************************/
insert into Membership_customer_table values('C0001','LP110001','10-08-2016','10-08-2019');
insert into Membership_customer_table values('C0002','LP110002','12-12-2016','12-12-2019');
insert into Membership_customer_table values('C0003','LP110003','01-11-2017','01-11-2020');
insert into Membership_customer_table values('C0004','LP110004','01-12-2017','01-12-2020');
insert into Membership_customer_table values('C0005','LP110005','02-26-2017','02-26-2020');
insert into Membership_customer_table values('C0006','LP110006','02-27-2017','02-27-2020');
insert into Membership_customer_table values('C0007','LP110007','04-02-2017','04-02-2020');
insert into Membership_customer_table values('C0008','LP110008','06-03-2017','06-03-2020');
insert into Membership_customer_table values('C0009','LP110009','08-08-2017','08-08-2020');
insert into Membership_customer_table values('C0010','LP110010','12-03-2017','12-03-2019');

/***********************************************************************************************/
/********************************** Membership_table *******************************************/
insert into  Membership_table values('M0001','LP110001','C0001');
insert into  Membership_table values('M0002','LP110002','C0002');
insert into  Membership_table values('M0003','LP110003','C0003');
insert into  Membership_table values('M0004','LP110004','C0004');
insert into  Membership_table values('M0005','LP110005','C0005');
insert into  Membership_table values('M0006','LP110006','C0006');
insert into  Membership_table values('M0007','LP110007','C0007');
insert into  Membership_table values('M0008','LP110008','C0008');
insert into  Membership_table values('M0009','LP110009','C0009');
insert into  Membership_table values('M0012','LP110010','C0010');

/***********************************************************************************************/

/********************************** Employee_name_table ***************************************/
insert into Employee_name_table	values('1159754169856','Maprang','Trisu','M','06-08-1990');
insert into Employee_name_table	values('1709925478545','Kraisima','Maitrechitt','M','10-26-1998');
insert into Employee_name_table	values('3081981138174','Liam','Smith','M','02-16-1992');
insert into Employee_name_table	values('4065162724109','Noah','Johnson','M','10-10-1990');
insert into Employee_name_table	values('2870238346845','William','Williams','M','10-03-1996');
insert into Employee_name_table	values('3766973582425','James','Jones','M','12-20-1998');
insert into Employee_name_table	values('9921074482323','Logan','Brown','M','02-01-1993');
insert into Employee_name_table	values('7811936337681','Benjamin','Davis','M','06-02-1994');
insert into Employee_name_table	values('3067894963776','Mason','Miller','M','11-06-1998');
insert into Employee_name_table	values('6555917810367','Elijah','Wilson','M','10-27-1989');
insert into Employee_name_table	values('6383486295248','Oliver','Moore','M','10-10-1990');
insert into Employee_name_table	values('9068821740009','Jacob','Taylor','M','10-09-1991');
insert into Employee_name_table	values('9991922194285','Lucas','Anderson','M','09-09-1999');
insert into Employee_name_table	values('8399422641881','Michael','Thomas','M','08-07-1999');
insert into Employee_name_table	values('2921936498306','Alexander','Jackson','M','07-07-1997');
insert into Employee_name_table	values('2402192212286','Ethan','White','M','10-19-1988');
insert into Employee_name_table	values('7229188299665','Daniel','Harris','M','04-03-1995');
insert into Employee_name_table	values('5547069098029','Matthew','Martin','M','05-17-1996');
insert into Employee_name_table	values('2535514906037','Aiden','Thompson','M','04-26-1991');
insert into Employee_name_table	values('9290545933244','Henry','Garcia','M','05-16-1995');
insert into Employee_name_table	values('7788351579883','Joseph','Martinez','M','02-16-1992');
insert into Employee_name_table	values('6067408205518','Jackson','Robinson','M','12-05-1997');
insert into Employee_name_table	values('5464463320582','Samuel','Clark','M','12-12-1992');
insert into Employee_name_table	values('5765174627032','Sebastian','Rodriguez','M','12-13-1991');
insert into Employee_name_table	values('7137777792438','David','Lewis','M','12-30-1989');
insert into Employee_name_table	values('8125935337708','Emma','Lee','F','11-25-1993');
insert into Employee_name_table	values('6770731057891','Olivia','Walker','F','06-13-1995');
insert into Employee_name_table	values('6081792425961','Ava','Hall','F','04-25-1991');
insert into Employee_name_table	values('8330541074892','Isabella','Allen','F','12-15-1995');
insert into Employee_name_table	values('5436181337170','Sophia','Young','F','10-01-1990');
insert into Employee_name_table	values('6473855334299','Mahasha','Muhamut','F','03-05-1982');
insert into Employee_name_table	values('6281588883695','Wuttiwat','Santisuk','M','09-05-1994');
insert into Employee_name_table	values('3334971758722','Apiwat','Jaidee','M','11-11-1991');
insert into Employee_name_table	values('7051761171060','Narinda','Jranta','F','07-29-1996');
insert into Employee_name_table	values('9090366272911','Pinaporn','Intalasuk','F','11-18-1989');
insert into Employee_name_table	values('2690923190334','Pangno','Jinjai','F','05-01-1996');
insert into Employee_name_table	values('3890656401718','Tirewan','Chaiyo','F','06-23-1997');
insert into Employee_name_table	values('3146738254192','Mary','Retweeted','F','09-21-2000');
insert into Employee_name_table	values('2440024730320','Jinda','Thaimane','F','08-10-1996');
insert into Employee_name_table	values('7283658324347','Violate','Evergarden','F','10-24-1985');
/*********************************************************************************************/
/*********************************** Employee_table ******************************************/

insert into Employee_table values('E0001','1159754169856','Maprang@gmail.com','0876956422',20000,'08:00 AM','04:00 PM',8);
insert into Employee_table values('E0002','1709925478545','Kraisima@gmail.com','0994543344',22000,'08:00 AM','04:00 PM',8);
insert into Employee_table values('E0003','3081981138174','Liam@gmail.com','0611915050',21500,'08:00 AM','04:00 PM',8);
insert into Employee_table values('E0004','4065162724109','Noah@gmail.com','0611922323',19500,'08:00 AM','04:00 PM',8);
insert into Employee_table values('E0005','2870238346845','William@gmail.com','0611935252',19000,'08:00 AM','04:00 PM',8);
insert into Employee_table values('E0006','3766973582425','James@gmail.com','0611963883',17000,'08:00 AM','04:00 PM',8);
insert into Employee_table values('E0007','9921074482323','Logan@gmail.com','0611985252',24000,'08:00 AM','04:00 PM',8);
insert into Employee_table values('E0008','7811936337681','Benjamin@gmail.com','0611988558',20500,'08:00 AM','04:00 PM',8);
insert into Employee_table values('E0009','3067894963776','Mason@gmail.com','0612238787',22000,'08:00 AM','04:00 PM',8);
insert into Employee_table values('E0010','6555917810367','Elijah@gmail.com','0612239889',20000,'08:00 AM','04:00 PM',8);
insert into Employee_table values('E0011','6383486295248','Oliver@gmail.com','0655875203',20700,'08:00 AM','04:00 PM',8);
insert into Employee_table values('E0012','9068821740009','Jacob@gmail.com','0655875230',20800,'08:00 AM','04:00 PM',8);
insert into Employee_table values('E0013','9991922194285','Lucas@gmail.com','0655875301',20850,'08:00 AM','04:00 PM',8);
insert into Employee_table values('E0014','8399422641881','Michael@gmail.com','0655875307',20900,'08:00 AM','04:00 PM',8);
insert into Employee_table values('E0015','2921936498306','Alexander@gmail.com','0655875310',20950,'08:00 AM','04:00 PM',8);
insert into Employee_table values('E0016','2402192212286','Ethan@gmail.com','0655875386',20980,'08:00 AM','04:00 PM',8);
insert into Employee_table values('E0017','7229188299665','Daniel@gmail.com','0655876171',21000,'08:00 AM','04:00 PM',8);

insert into Employee_table values('E0018','5547069098029','Matthew@gmail.com','0655876286',21050,'04:00 PM','00:00 AM',8);
insert into Employee_table values('E0019','2535514906037','Aiden@gmail.com','0655876360',21080,'04:00 PM','00:00 AM',8);
insert into Employee_table values('E0020','9290545933244','Henry@gmail.com','0655876517',21120,'04:00 PM','00:00 AM',8);
insert into Employee_table values('E0021','7788351579883','Joseph@gmail.com','0942422111',21160,'04:00 PM','00:00 AM',8);
insert into Employee_table values('E0022','6067408205518','Jackson@gmail.com','0942423777',21200,'04:00 PM','00:00 AM',8);
insert into Employee_table values('E0023','5464463320582','Samuel@gmail.com','0942520333',21240,'04:00 PM','00:00 AM',8);
insert into Employee_table values('E0024','5765174627032','Sebastian@gmail.com','0942527444',21280,'04:00 PM','00:00 AM',8);
insert into Employee_table values('E0025','7137777792438','David@gmail.com','0942571777',21320,'04:00 PM','00:00 AM',8);
insert into Employee_table values('E0026','8125935337708','Emma@gmail.com','0942600444',21360,'04:00 PM','00:00 AM',8);
insert into Employee_table values('E0027','6770731057891','Olivia@gmail.com','0942831555',21400,'04:00 PM','00:00 AM',8);
insert into Employee_table values('E0028','6081792425961','Ava@gmail.com','0943088555',21440,'04:00 PM','00:00 AM',8);
insert into Employee_table values('E0029','8330541074892','Isabella@gmail.com','0943088666',21480,'04:00 PM','00:00 AM',8);
insert into Employee_table values('E0030','5436181337170','Sophia@gmail.com','0943590222',21520,'04:00 PM','00:00 AM',8);

insert into Employee_table values('E0031','6473855334299','Mahasha@gmail.com','0881840000',31250,'01:00 PM','11:00 AM',10);
insert into Employee_table values('E0032','6281588883695','Wuttiwat@gmail.com','0881920000',35000,'01:00 PM','11:00 AM',10);
insert into Employee_table values('E0033','3334971758722','Apiwat@gmail.com','0881940000',38750,'01:00 PM','11:00 AM',10);
insert into Employee_table values('E0034','7051761171060','Narinda@gmail.com','0881960000',42500,'01:00 PM','11:00 PM',10);
insert into Employee_table values('E0035','9090366272911','Pinaporn@gmail.com','0881970000',46250,'01:00 PM','11:00 PM',10);
insert into Employee_table values('E0036','2690923190334','Pangno@gmail.com','0882160000',50000,'01:00 PM','11:00 PM',10);
insert into Employee_table values('E0037','3890656401718','Tirewan@gmail.com','0882310000',53750,'01:00 PM','11:00 PM',10);
insert into Employee_table values('E0038','3146738254192','Mary@gmail.com','0882350000',57500,'01:00 PM','11:00 PM',10);
insert into Employee_table values('E0039','2440024730320','Jinda@gmail.com','0882380000',61250,'01:00 PM','11:00 PM',10);
insert into Employee_table values('E0040','7283658324347','Violate@gmail.com','0882410000',65000,'01:00 PM','11:00 PM',10);
/********************************************************************************************/

/************************************* Promotion_table **************************************/
insert into Promotion_table values('PR0001','Member',200.50,'Using',750.50);
insert into Promotion_table values('PR0002','All',50,'Using',230);
insert into Promotion_table values('PR0003','All',30,'Unused',1650);
insert into Promotion_table values('PR0004','Member',300,'Using',1500);
insert into Promotion_table values('PR0005','Member',1000.50,'Only 21th of month',3500.50);
insert into Promotion_table values('PR0006','All',100,'Unused',350);
insert into Promotion_table values('PR0007','Member',150,'Unused',1350);
insert into Promotion_table values('PR0008','Member',200,'Unit this month',500);
insert into Promotion_table values('PR0009','All',80,'Using',20);
insert into Promotion_table values('PR0010','All',10,'Using',100);
/********************************************************************************************/
/******************************** Stock table *************************************************/
insert into Stock_table VALUES('S0001','DOG-ST1','DG01-01',1500,'DOG-Accessory','ready');
insert into Stock_table VALUES('S0002','DOG-ST2','DG01-02',302,'DOG-Food','ready');
insert into Stock_table VALUES('S0003','CAT-ST1','CT01-01',100,'CAT-Accessory','naerly');
insert into Stock_table VALUES('S0004','CAT-ST2','CT01-02',50,'CAT-Food','naerly');
insert into Stock_table VALUES('S0005','BIRD-ST1','BD01-01',0,'BIRD-Accessory','Out of Stock');
insert into Stock_table VALUES('S0006','BIRD-ST2','BD01-02',50,'BIRD-Food','naerly');
insert into Stock_table values('S0007','FISH_ST1','FH01-01',0,'FISH-Accessory','Out of Stock');
insert into Stock_table values('S0008','FISH_ST2','FH01-02',200,'FISH-Food','ready');
insert into Stock_table values('S0009','SMALL_ST1','SM01-01',2000,'SMALLPET-Accessory','ready');
insert into Stock_table values('S0010','SMALL_ST2','SM01-02',5000,'SMALLPET-Food','ready');
/*********************************************************************************************/


/*********************************  Stock_product_table *************************************/
insert into Stock_product_table values('S0001','DOG GONE SMART');
insert into Stock_product_table values('S0002','SMARTHEART');
insert into Stock_product_table values('S0003','DRINKWELL');
insert into Stock_product_table values('S0004','DPROPLAN');
insert into Stock_product_table values('S0005','Wooden House');
insert into Stock_product_table values('S0006','VERSELE LAGA');
insert into Stock_product_table values('S0007','OF OCEAN FREE');
insert into Stock_product_table values('S0008','HIKARI');
insert into Stock_product_table values('S0009','SAVIC');
insert into Stock_product_table values('S0010','BEAPHAR');

/*******************************************************************************************/
/******************************** Product table ********************************************/
insert into Product_table values('P0001','DOG','DOG GONE SMART','Traditional cotton canvas Rectangular',2890.00,'S0001');
insert into Product_table values('P0002','DOG','SMARTHEART','Wet-Food Chicken 400g',45.00,'S0002');
insert into Product_table values('P0003','CAT','DRINKWELL','ORIGINAL PET FOUNTAIN 1.5LITRES',2250.0,'S0003');
insert into Product_table values('P0004','CAT','PROPLAN','Dry-food ADULT 7+ 1.3 Kg.',490.00,'S0004');
insert into Product_table values('P0005','BIRD','Wooden House','Bird cage',190.00,'S0005');
insert into	Product_table values('P0006','BIRD','VERSELE LAGA','AFRICAN PARROT LORO PARQUE MIX 1 kg.',230.0,'S0006');
insert into Product_table values('P0007','FISH','OF OCEAN FREE','OF MICROBAC FOR KOI (10 CAPSULES)',55.00,'S0007');
insert into Product_table values('P0008','FISH','HIKARI','(C)HIKARI CICHLID GOLD 250g',180.0,'S0008');
insert into Product_table values('P0009','SMALLPET','SAVIC','ORBITAL SILENT EXERCISE WHEEL (L30*W16*H28)cm',718.89,'S0009');
insert into Product_table values('P0010','SMALLPET','BEAPHAR','GUINEA PIG 1 kg',210.00,'S0010');
/*******************************************************************************************/

/*********************************** Order Table *******************************************/
insert into Order_table values('O0001','12-28-2017','01-10-2016',4500.50,'ready');
insert into Order_table values('O0002','12-30-2017','02-11-2016',12025.00,'ready');
insert into Order_table values('O0003','01-06-2018','03-12-2016',15552.00,'ready');
insert into Order_table values('O0004','01-07-2018','04-12-2016',5000,'Wait to paid');
insert into Order_table values('O0005','01-14-2018','05-12-2016',7530,'ready');
insert into Order_table values('O0006','01-21-2018','06-12-2016',2150,'ready');
insert into Order_table values('O0007','01-28-2018','07-12-2016',15790,'ready');
insert into Order_table values('O0008','02-02-2018','08-12-2016',18500.50,'ready');
insert into Order_table values('O0009','02-03-2018','08-12-2016',1000,'ready');
insert into Order_table values('O0010','02-14-2018','09-12-2019',4500.50,'ready');

insert into Order_table values('O0011','02-15-2018','11-3-2018',5100,'ready');
insert into Order_table values('O0012','02-20-2019','12-10-2018',2770.50,'ready');
insert into Order_table values('O0013','02-24-2019','01-13-2018',3050.50,'ready');
insert into Order_table values('O0014','02-25-2019','02-14-2018',7500.0,'wait to paid');
insert into Order_table values('O0015','02-27-2019','03-15-2018',12030.50,'ready');
insert into Order_table values('O0016','03-01-2019','04-18-2018',12500,'ready');
insert into Order_table values('O0017','03-03-2019','05-19-2018',19500,'ready');
insert into Order_table values('O0018','03-04-2019','06-30-2018',7000,'wait to paid');
insert into Order_table values('O0019','03-05-2019','07-30-2018',50,'ready');
insert into Order_table values('O0020','03-08-2019','10-12-2018',4500.50,'ready');

insert into Order_table values('O0021','03-10-2019','11-26-2018',20100,'ready');
insert into Order_table values('O0022','03-13-2019','12-29-2018',35000,'ready');
insert into Order_table values('O0023','03-15-2019','06-22-2018',1500,'ready');
insert into Order_table values('O0024','03-20-2019','07-08-2018',1200,'ready');
insert into Order_table values('O0025','03-21-2019','08-07-2018',1000,'ready');
insert into Order_table values('O0026','03-31-2019','09-21-2018',350000,'ready');
insert into Order_table values('O0027','04-05-2019','10-03-2018',45000.50,'ready');
insert into Order_table values('O0028','04-20-2019','08-18-2018',3500,'ready');
insert into Order_table values('O0029','04-21-2019','11-15-2018', 1020.0 ,'ready');
insert into Order_table values('O0030','01-04-2019','12-12-2018',4500.50,'ready');
/******************************************************************************************/


/*********************************** Payment_order_table **********************************/
insert into payment_order_table values ('O0001',4500.50,'paid');
insert into payment_order_table values ('O0002',12025.00,'paid');
insert into payment_order_table values ('O0003',15552.00,'paid');
insert into payment_order_table values ('O0004',5000,'un-paid');
insert into payment_order_table values ('O0005',7530,'paid');
insert into payment_order_table values ('O0006',2150,'paid');
insert into payment_order_table values ('O0007',15790,'paid');
insert into payment_order_table values ('O0008',18500.50,'paid');
insert into payment_order_table values ('O0009',1000,'paid');
insert into payment_order_table values ('O0010',4500.50,'paid');

insert into payment_order_table values ('O0011',5100,'paid');
insert into payment_order_table values ('O0012',2770.50,'paid');
insert into payment_order_table values ('O0013',3050.50,'paid');
insert into payment_order_table values ('O0014',7500,'un-paid');
insert into payment_order_table values ('O0015',12030.50,'paid');
insert into payment_order_table values ('O0016',12500,'paid');
insert into payment_order_table values ('O0017',19520,'paid');
insert into payment_order_table values ('O0018',7000,'un-paid');
insert into payment_order_table values ('O0019',50,'paid');
insert into payment_order_table values ('O0020',6700,'paid');

insert into payment_order_table values ('O0021',20100,'paid');
insert into payment_order_table values ('O0022',35000,'paid');
insert into payment_order_table values ('O0023',1500,'un-paid');
insert into payment_order_table values ('O0024',1200,'paid');
insert into payment_order_table values ('O0025',1000,'un-paid');
insert into payment_order_table values ('O0026',35000,'paid');
insert into payment_order_table values ('O0027',45000.50,'paid');
insert into payment_order_table values ('O0028',3500.0,'un-paid');
insert into payment_order_table values ('O0029',1020.0,'un-paid');
insert into payment_order_table values ('O0030',100,'paid');

/********************************************************************************************/
/*********************************** Payment_table ******************************************/
insert into Payment_table values ('PM0001', 'C0001' , '12-28-2017','cash', ' ', 'O0001');
insert into Payment_table values ('PM0002', 'C0002' , '12-30-2017','cash', ' ', 'O0002');
insert into Payment_table values ('PM0003', 'C0003' , '01-06-2018','Prompay', 'DONE', 'O0003');
insert into Payment_table values ('PM0004', 'C0004' , '01-07-2018','Transfer', 'CHECKING', 'O0004');
insert into Payment_table values ('PM0005', 'C0005' , '01-14-2018','cash', ' ', 'O0005');
insert into Payment_table values ('PM0006', 'C0006' , '01-21-2018','cash', ' ', 'O0006');
insert into Payment_table values ('PM0007', 'C0007' , '01-28-2018','Prompay', 'DONE', 'O0007');
insert into Payment_table values ('PM0008', 'C0008' , '01-31-2018','cash', ' ', 'O0008');
insert into Payment_table values ('PM0009', 'C0009' , '02-02-2018','cash', ' ', 'O0009');
insert into Payment_table values ('PM0010', 'C0010' , '02-14-2018','cash', ' ', 'O0010');

insert into Payment_table values ('PM0011', 'C0001' , '02-15-2018','Prompay', 'DONE ', 'O0011');
insert into Payment_table values ('PM0012', 'C0002' , '02-20-2018','Prompay', 'DONE ', 'O0012');
insert into Payment_table values ('PM0013', 'C0003' , '02-24-2018','Transfer', 'DONE', 'O0013');
insert into Payment_table values ('PM0014', 'C0004' , '02-25-2018','Transfer', 'CHECKING', 'O0014');
insert into Payment_table values ('PM0015', 'C0005' , '02-27-2018','cash', ' ', 'O0015');
insert into Payment_table values ('PM0016', 'C0006' , '03-01-2018','cash', ' ', 'O0016');
insert into Payment_table values ('PM0017', 'C0007' , '03-03-2018','cash', ' ', 'O0017');
insert into Payment_table values ('PM0018', 'C0008' , '03-04-2018','Prompay', 'WAITING', 'O0018');
insert into Payment_table values ('PM0019', 'C0009' , '03-05-2018','cash', ' ', 'O0019');
insert into Payment_table values ('PM0020', 'C0010' , '03-08-2018','Prompay', 'DONE', 'O0020');

insert into Payment_table values ('PM0021', 'C0001' , '03-10-2018','cash', ' ', 'O0021');
insert into Payment_table values ('PM0022', 'C0002' , '03-13-2018','cash', ' ', 'O0022');
insert into Payment_table values ('PM0023', 'C0003' , '03-14-2018','Prompay', 'WAITING', 'O0023');
insert into Payment_table values ('PM0024', 'C0004' , '03-15-2018','cash', ' ', 'O0024');
insert into Payment_table values ('PM0025', 'C0005' , '03-20-2018','Transfer', 'CHAEKING', 'O0025');
insert into Payment_table values ('PM0026', 'C0006' , '03-21-2018','cash', ' ', 'O0026');
insert into Payment_table values ('PM0027', 'C0007' , '03-31-2018','Prompay', 'DONE', 'O0027');
insert into Payment_table values ('PM0028', 'C0008' , '04-05-2018','Prompay', 'WAITING', 'O0028');
insert into Payment_table values ('PM0029', 'C0009' , '04-20-2018','Transfer', 'CHECKING', 'O0029');
insert into Payment_table values ('PM0030', 'C0010' , '04-21-2018','Transfer', 'DONE', 'O0030');

select * from Customer_name_table
update Customer_name_table
set Sex = 'F'
where c_name = 'Natee tammachat';

Alter table Customer_name_table
add ProvinID Varchar(50);

ALter table Customer_name_table
DROP Column ProvinID
